BEGIN TRANSACTION;
CREATE TABLE `WEAPONS_EQUIPEMENT_SLOTS` (
	`WEAPON_ID`	INTEGER NOT NULL,
	`EQUIPEMENT_SLOTS_ID`	INTEGER NOT NULL,
	FOREIGN KEY(`WEAPON_ID`) REFERENCES WEAPON(ID),
	FOREIGN KEY(`EQUIPEMENT_SLOTS_ID`) REFERENCES EQUIPEMENT_SLOTS(ID)
);
INSERT INTO `WEAPONS_EQUIPEMENT_SLOTS` (WEAPON_ID,EQUIPEMENT_SLOTS_ID) VALUES (1,75),
 (1,76),
 (2,75);
CREATE TABLE "WEAPONS" (
	`ID`	INTEGER NOT NULL PRIMARY KEY AUTOINCREMENT UNIQUE,
	`NAME`	TEXT NOT NULL,
	`WEAPON_TYPE_ID`	INTEGER NOT NULL,
	`WEAPON_CATEGORY_ID`	INTEGER NOT NULL,
	`WEAPON_DAMAGE_DIE_SIDES`	INTEGER NOT NULL,
	`WEAPON_DAMAGE_DIE_QUANTITY`	INTEGER NOT NULL,
	`SHORT_RANGE`	INTEGER NOT NULL DEFAULT 0,
	`LONG_RANGE`	INTEGER NOT NULL DEFAULT 0,
	`ICON_NAME`	TEXT NOT NULL
);
INSERT INTO `WEAPONS` (ID,NAME,WEAPON_TYPE_ID,WEAPON_CATEGORY_ID,WEAPON_DAMAGE_DIE_SIDES,WEAPON_DAMAGE_DIE_QUANTITY,SHORT_RANGE,LONG_RANGE,ICON_NAME) VALUES (1,'Battleaxe',1,1,10,1,0,0,'Battleaxe'),
 (2,'Crossbow',2,0,10,1,6,24,'Crossbow');
CREATE TABLE `SKILLS` (
	`ID`	INTEGER NOT NULL PRIMARY KEY AUTOINCREMENT UNIQUE,
	`NAME`	INTEGER NOT NULL UNIQUE,
	`ATRIBUTE_ID`	INTEGER NOT NULL
);
CREATE TABLE "RACES" (
	`ID`	INTEGER NOT NULL PRIMARY KEY AUTOINCREMENT UNIQUE,
	`NAME`	TEXT NOT NULL,
	`SIZE`	INTEGER NOT NULL,
	`TYPE`	INTEGER NOT NULL,
	`SUBTYPE`	TEXT
);
INSERT INTO `RACES` (ID,NAME,SIZE,TYPE,SUBTYPE) VALUES (1,'Goblin',2,1,'Goblinoid'),
 (2,'Dwarf',3,1,'Dwarf');
CREATE TABLE "FIGURINES" (
	`ID`	INTEGER NOT NULL PRIMARY KEY AUTOINCREMENT UNIQUE,
	`FIGURINE_NAME`	TEXT,
	`PICTURE_NAME`	TEXT,
	`CHARACTER_ID`	INTEGER NOT NULL,
	FOREIGN KEY(`CHARACTER_ID`) REFERENCES CHARACTER_STATS(ID)
);
INSERT INTO `FIGURINES` (ID,FIGURINE_NAME,PICTURE_NAME,CHARACTER_ID) VALUES (1,'Dwarf','001',2),
 (2,'goblin','002',1);
CREATE TABLE `EQUIPEMENT_SLOTS` (
	`ID`	INTEGER NOT NULL PRIMARY KEY AUTOINCREMENT UNIQUE,
	`NAME`	TEXT NOT NULL
);
INSERT INTO `EQUIPEMENT_SLOTS` (ID,NAME) VALUES (1,'INV1'),
 (2,'INV2'),
 (3,'INV3'),
 (4,'INV4'),
 (5,'INV5'),
 (6,'INV6'),
 (7,'INV7'),
 (8,'INV8'),
 (9,'INV9'),
 (10,'INV10'),
 (11,'INV11'),
 (12,'INV12'),
 (13,'INV13'),
 (14,'INV14'),
 (15,'INV15'),
 (16,'INV16'),
 (17,'INV17'),
 (18,'INV18'),
 (19,'INV19'),
 (20,'INV20'),
 (21,'INV21'),
 (22,'INV22'),
 (23,'INV23'),
 (24,'INV24'),
 (25,'INV25'),
 (26,'INV26'),
 (27,'INV27'),
 (28,'INV28'),
 (29,'INV29'),
 (30,'INV30'),
 (31,'INV31'),
 (32,'INV32'),
 (33,'INV33'),
 (34,'INV34'),
 (35,'INV35'),
 (36,'INV36'),
 (37,'INV37'),
 (38,'INV38'),
 (39,'INV39'),
 (40,'INV40'),
 (41,'INV41'),
 (42,'INV42'),
 (43,'INV43'),
 (44,'INV44'),
 (45,'INV45'),
 (46,'INV46'),
 (47,'INV47'),
 (48,'INV48'),
 (49,'INV49'),
 (50,'INV50'),
 (51,'INV51'),
 (52,'INV52'),
 (53,'INV53'),
 (54,'INV54'),
 (55,'INV55'),
 (56,'INV56'),
 (57,'INV57'),
 (58,'INV58'),
 (59,'INV59'),
 (60,'INV60'),
 (61,'INV61'),
 (62,'INV62'),
 (63,'INV63'),
 (64,'INV64'),
 (65,'INV65'),
 (66,'INV66'),
 (67,'INV67'),
 (68,'INV68'),
 (69,'INV69'),
 (70,'INV70'),
 (71,'INV71'),
 (72,'INV72'),
 (73,'INV73'),
 (74,'INV74'),
 (75,'MAIN_HAND'),
 (76,'OFF_HAND'),
 (77,'ARMOR'),
 (78,'INV_OH1'),
 (79,'INV_OH2'),
 (80,'INV_OH3'),
 (81,'INV_OH4'),
 (82,'INV_OH5'),
 (83,'INV_MH1'),
 (84,'INV_MH2'),
 (85,'INV_MH3'),
 (86,'INV_MH4'),
 (87,'INV_MH5'),
 (88,'INV_ARMOR');
CREATE TABLE "CHARACTER_STATS" (
	`ID`	INTEGER NOT NULL PRIMARY KEY AUTOINCREMENT UNIQUE,
	`NAME`	TEXT NOT NULL,
	`LEVEL`	INTEGER NOT NULL,
	`STR`	INTEGER NOT NULL,
	`DEX`	INTEGER NOT NULL,
	`FOR`	INTEGER NOT NULL,
	`INT`	INTEGER NOT NULL,
	`WIS`	INTEGER NOT NULL,
	`CHA`	INTEGER NOT NULL,
	`HP`	INTEGER NOT NULL,
	`SPEED`	INTEGER NOT NULL,
	`AI`	NUMERIC,
	`EQUIPPED_WEAPON_SLOT`	INTEGER,
	`RACE_ID`	INTEGER
);
INSERT INTO `CHARACTER_STATS` (ID,NAME,LEVEL,STR,DEX,FOR,INT,WIS,CHA,HP,SPEED,AI,EQUIPPED_WEAPON_SLOT,RACE_ID) VALUES (1,'Goblin',1,8,14,10,10,8,8,7,4,1,83,1),
 (2,'Kurrdar the Mighty',1,16,10,25,12,10,8,22,4,0,83,2);
CREATE TABLE `CHARACTER_PROFICIENT_SKILLS` (
	`CHARACTER_STATS_ID`	INTEGER NOT NULL,
	`SKILLS_ID`	INTEGER NOT NULL
);
CREATE TABLE "CHARACTERS_ITEMS" (
	`ID`	INTEGER NOT NULL PRIMARY KEY AUTOINCREMENT UNIQUE,
	`CHARACTER_ID`	INTEGER NOT NULL,
	`FIELD_ID`	INTEGER NOT NULL,
	`ITEM_ID`	INTEGER NOT NULL,
	`ITEM_TYPE`	INTEGER NOT NULL,
	FOREIGN KEY(`CHARACTER_ID`) REFERENCES `CHARACTER_STATS`(`ID`),
	FOREIGN KEY(`ITEM_ID`) REFERENCES `EQUIPEMENT_SLOTS`(`ID`)
);
INSERT INTO `CHARACTERS_ITEMS` (ID,CHARACTER_ID,FIELD_ID,ITEM_ID,ITEM_TYPE) VALUES (1,2,83,1,1),
 (2,2,88,1,2),
 (3,2,84,2,1),
 (4,1,83,1,1);
CREATE TABLE `ARMORS_EQUIPEMENT_SLOTS` (
	`ARMORS_ID`	INTEGER NOT NULL,
	`EQUIPEMENT_SLOTS`	INTEGER NOT NULL,
	FOREIGN KEY(`ARMORS_ID`) REFERENCES ARMORS(ID),
	FOREIGN KEY(`EQUIPEMENT_SLOTS`) REFERENCES EQUIPEMENT_SLOTS(ID)
);
INSERT INTO `ARMORS_EQUIPEMENT_SLOTS` (ARMORS_ID,EQUIPEMENT_SLOTS) VALUES (1,77);
CREATE TABLE "ARMORS" (
	`ID`	INTEGER NOT NULL PRIMARY KEY AUTOINCREMENT UNIQUE,
	`NAME`	TEXT NOT NULL,
	`AC`	INTEGER NOT NULL,
	`MAX_DEX`	INTEGER NOT NULL,
	`ICON_NAME`	TEXT NOT NULL
);
INSERT INTO `ARMORS` (ID,NAME,AC,MAX_DEX,ICON_NAME) VALUES (1,'Breastplate',16,0,'ArmorColor');
COMMIT;
