BEGIN TRANSACTION;
CREATE TABLE `WEAPONS_EQUIPEMENT_SLOTS` (
	`WEAPON_ID`	INTEGER NOT NULL,
	`EQUIPEMENT_SLOTS_ID`	INTEGER NOT NULL,
	FOREIGN KEY(`WEAPON_ID`) REFERENCES WEAPON(ID),
	FOREIGN KEY(`EQUIPEMENT_SLOTS_ID`) REFERENCES EQUIPEMENT_SLOTS(ID)
);
INSERT INTO `WEAPONS_EQUIPEMENT_SLOTS` (WEAPON_ID,EQUIPEMENT_SLOTS_ID) VALUES (1,75);
INSERT INTO `WEAPONS_EQUIPEMENT_SLOTS` (WEAPON_ID,EQUIPEMENT_SLOTS_ID) VALUES (1,76);
INSERT INTO `WEAPONS_EQUIPEMENT_SLOTS` (WEAPON_ID,EQUIPEMENT_SLOTS_ID) VALUES (2,75);
CREATE TABLE "WEAPONS" (
	`ID`	INTEGER NOT NULL PRIMARY KEY AUTOINCREMENT UNIQUE,
	`NAME`	TEXT NOT NULL,
	`WEAPON_TYPE_ID`	INTEGER NOT NULL,
	`WEAPON_CATEGORY_ID`	INTEGER NOT NULL,
	`WEAPON_DAMAGE_DIE_SIDES`	INTEGER NOT NULL,
	`WEAPON_DAMAGE_DIE_QUANTITY`	INTEGER NOT NULL,
	`SHORT_RANGE`	INTEGER NOT NULL DEFAULT 0,
	`LONG_RANGE`	INTEGER NOT NULL DEFAULT 0,
	`ICON_NAME`	TEXT NOT NULL
);
INSERT INTO `WEAPONS` (ID,NAME,WEAPON_TYPE_ID,WEAPON_CATEGORY_ID,WEAPON_DAMAGE_DIE_SIDES,WEAPON_DAMAGE_DIE_QUANTITY,SHORT_RANGE,LONG_RANGE,ICON_NAME) VALUES (1,'Battleaxe',1,1,10,1,0,0,'Battleaxe');
INSERT INTO `WEAPONS` (ID,NAME,WEAPON_TYPE_ID,WEAPON_CATEGORY_ID,WEAPON_DAMAGE_DIE_SIDES,WEAPON_DAMAGE_DIE_QUANTITY,SHORT_RANGE,LONG_RANGE,ICON_NAME) VALUES (2,'Crossbow',2,0,10,1,6,24,'Crossbow');
CREATE TABLE "FIGURINES" (
	`ID`	INTEGER NOT NULL PRIMARY KEY AUTOINCREMENT UNIQUE,
	`FIGURINE_NAME`	TEXT,
	`PICTURE_NAME`	TEXT,
	`CHARACTER_ID`	INTEGER NOT NULL,
	FOREIGN KEY(`CHARACTER_ID`) REFERENCES CHARACTER_STATS(ID)
);
INSERT INTO `FIGURINES` (ID,FIGURINE_NAME,PICTURE_NAME,CHARACTER_ID) VALUES (1,'Dwarf','001',2);
INSERT INTO `FIGURINES` (ID,FIGURINE_NAME,PICTURE_NAME,CHARACTER_ID) VALUES (2,'goblin','002',1);
CREATE TABLE `EQUIPEMENT_SLOTS` (
	`ID`	INTEGER NOT NULL PRIMARY KEY AUTOINCREMENT UNIQUE,
	`NAME`	TEXT NOT NULL
);
INSERT INTO `EQUIPEMENT_SLOTS` (ID,NAME) VALUES (1,'INV1');
INSERT INTO `EQUIPEMENT_SLOTS` (ID,NAME) VALUES (2,'INV2');
INSERT INTO `EQUIPEMENT_SLOTS` (ID,NAME) VALUES (3,'INV3');
INSERT INTO `EQUIPEMENT_SLOTS` (ID,NAME) VALUES (4,'INV4');
INSERT INTO `EQUIPEMENT_SLOTS` (ID,NAME) VALUES (5,'INV5');
INSERT INTO `EQUIPEMENT_SLOTS` (ID,NAME) VALUES (6,'INV6');
INSERT INTO `EQUIPEMENT_SLOTS` (ID,NAME) VALUES (7,'INV7');
INSERT INTO `EQUIPEMENT_SLOTS` (ID,NAME) VALUES (8,'INV8');
INSERT INTO `EQUIPEMENT_SLOTS` (ID,NAME) VALUES (9,'INV9');
INSERT INTO `EQUIPEMENT_SLOTS` (ID,NAME) VALUES (10,'INV10');
INSERT INTO `EQUIPEMENT_SLOTS` (ID,NAME) VALUES (11,'INV11');
INSERT INTO `EQUIPEMENT_SLOTS` (ID,NAME) VALUES (12,'INV12');
INSERT INTO `EQUIPEMENT_SLOTS` (ID,NAME) VALUES (13,'INV13');
INSERT INTO `EQUIPEMENT_SLOTS` (ID,NAME) VALUES (14,'INV14');
INSERT INTO `EQUIPEMENT_SLOTS` (ID,NAME) VALUES (15,'INV15');
INSERT INTO `EQUIPEMENT_SLOTS` (ID,NAME) VALUES (16,'INV16');
INSERT INTO `EQUIPEMENT_SLOTS` (ID,NAME) VALUES (17,'INV17');
INSERT INTO `EQUIPEMENT_SLOTS` (ID,NAME) VALUES (18,'INV18');
INSERT INTO `EQUIPEMENT_SLOTS` (ID,NAME) VALUES (19,'INV19');
INSERT INTO `EQUIPEMENT_SLOTS` (ID,NAME) VALUES (20,'INV20');
INSERT INTO `EQUIPEMENT_SLOTS` (ID,NAME) VALUES (21,'INV21');
INSERT INTO `EQUIPEMENT_SLOTS` (ID,NAME) VALUES (22,'INV22');
INSERT INTO `EQUIPEMENT_SLOTS` (ID,NAME) VALUES (23,'INV23');
INSERT INTO `EQUIPEMENT_SLOTS` (ID,NAME) VALUES (24,'INV24');
INSERT INTO `EQUIPEMENT_SLOTS` (ID,NAME) VALUES (25,'INV25');
INSERT INTO `EQUIPEMENT_SLOTS` (ID,NAME) VALUES (26,'INV26');
INSERT INTO `EQUIPEMENT_SLOTS` (ID,NAME) VALUES (27,'INV27');
INSERT INTO `EQUIPEMENT_SLOTS` (ID,NAME) VALUES (28,'INV28');
INSERT INTO `EQUIPEMENT_SLOTS` (ID,NAME) VALUES (29,'INV29');
INSERT INTO `EQUIPEMENT_SLOTS` (ID,NAME) VALUES (30,'INV30');
INSERT INTO `EQUIPEMENT_SLOTS` (ID,NAME) VALUES (31,'INV31');
INSERT INTO `EQUIPEMENT_SLOTS` (ID,NAME) VALUES (32,'INV32');
INSERT INTO `EQUIPEMENT_SLOTS` (ID,NAME) VALUES (33,'INV33');
INSERT INTO `EQUIPEMENT_SLOTS` (ID,NAME) VALUES (34,'INV34');
INSERT INTO `EQUIPEMENT_SLOTS` (ID,NAME) VALUES (35,'INV35');
INSERT INTO `EQUIPEMENT_SLOTS` (ID,NAME) VALUES (36,'INV36');
INSERT INTO `EQUIPEMENT_SLOTS` (ID,NAME) VALUES (37,'INV37');
INSERT INTO `EQUIPEMENT_SLOTS` (ID,NAME) VALUES (38,'INV38');
INSERT INTO `EQUIPEMENT_SLOTS` (ID,NAME) VALUES (39,'INV39');
INSERT INTO `EQUIPEMENT_SLOTS` (ID,NAME) VALUES (40,'INV40');
INSERT INTO `EQUIPEMENT_SLOTS` (ID,NAME) VALUES (41,'INV41');
INSERT INTO `EQUIPEMENT_SLOTS` (ID,NAME) VALUES (42,'INV42');
INSERT INTO `EQUIPEMENT_SLOTS` (ID,NAME) VALUES (43,'INV43');
INSERT INTO `EQUIPEMENT_SLOTS` (ID,NAME) VALUES (44,'INV44');
INSERT INTO `EQUIPEMENT_SLOTS` (ID,NAME) VALUES (45,'INV45');
INSERT INTO `EQUIPEMENT_SLOTS` (ID,NAME) VALUES (46,'INV46');
INSERT INTO `EQUIPEMENT_SLOTS` (ID,NAME) VALUES (47,'INV47');
INSERT INTO `EQUIPEMENT_SLOTS` (ID,NAME) VALUES (48,'INV48');
INSERT INTO `EQUIPEMENT_SLOTS` (ID,NAME) VALUES (49,'INV49');
INSERT INTO `EQUIPEMENT_SLOTS` (ID,NAME) VALUES (50,'INV50');
INSERT INTO `EQUIPEMENT_SLOTS` (ID,NAME) VALUES (51,'INV51');
INSERT INTO `EQUIPEMENT_SLOTS` (ID,NAME) VALUES (52,'INV52');
INSERT INTO `EQUIPEMENT_SLOTS` (ID,NAME) VALUES (53,'INV53');
INSERT INTO `EQUIPEMENT_SLOTS` (ID,NAME) VALUES (54,'INV54');
INSERT INTO `EQUIPEMENT_SLOTS` (ID,NAME) VALUES (55,'INV55');
INSERT INTO `EQUIPEMENT_SLOTS` (ID,NAME) VALUES (56,'INV56');
INSERT INTO `EQUIPEMENT_SLOTS` (ID,NAME) VALUES (57,'INV57');
INSERT INTO `EQUIPEMENT_SLOTS` (ID,NAME) VALUES (58,'INV58');
INSERT INTO `EQUIPEMENT_SLOTS` (ID,NAME) VALUES (59,'INV59');
INSERT INTO `EQUIPEMENT_SLOTS` (ID,NAME) VALUES (60,'INV60');
INSERT INTO `EQUIPEMENT_SLOTS` (ID,NAME) VALUES (61,'INV61');
INSERT INTO `EQUIPEMENT_SLOTS` (ID,NAME) VALUES (62,'INV62');
INSERT INTO `EQUIPEMENT_SLOTS` (ID,NAME) VALUES (63,'INV63');
INSERT INTO `EQUIPEMENT_SLOTS` (ID,NAME) VALUES (64,'INV64');
INSERT INTO `EQUIPEMENT_SLOTS` (ID,NAME) VALUES (65,'INV65');
INSERT INTO `EQUIPEMENT_SLOTS` (ID,NAME) VALUES (66,'INV66');
INSERT INTO `EQUIPEMENT_SLOTS` (ID,NAME) VALUES (67,'INV67');
INSERT INTO `EQUIPEMENT_SLOTS` (ID,NAME) VALUES (68,'INV68');
INSERT INTO `EQUIPEMENT_SLOTS` (ID,NAME) VALUES (69,'INV69');
INSERT INTO `EQUIPEMENT_SLOTS` (ID,NAME) VALUES (70,'INV70');
INSERT INTO `EQUIPEMENT_SLOTS` (ID,NAME) VALUES (71,'INV71');
INSERT INTO `EQUIPEMENT_SLOTS` (ID,NAME) VALUES (72,'INV72');
INSERT INTO `EQUIPEMENT_SLOTS` (ID,NAME) VALUES (73,'INV73');
INSERT INTO `EQUIPEMENT_SLOTS` (ID,NAME) VALUES (74,'INV74');
INSERT INTO `EQUIPEMENT_SLOTS` (ID,NAME) VALUES (75,'MAIN_HAND');
INSERT INTO `EQUIPEMENT_SLOTS` (ID,NAME) VALUES (76,'OFF_HAND');
INSERT INTO `EQUIPEMENT_SLOTS` (ID,NAME) VALUES (77,'ARMOR');
INSERT INTO `EQUIPEMENT_SLOTS` (ID,NAME) VALUES (78,'INV_OH1');
INSERT INTO `EQUIPEMENT_SLOTS` (ID,NAME) VALUES (79,'INV_OH2');
INSERT INTO `EQUIPEMENT_SLOTS` (ID,NAME) VALUES (80,'INV_OH3');
INSERT INTO `EQUIPEMENT_SLOTS` (ID,NAME) VALUES (81,'INV_OH4');
INSERT INTO `EQUIPEMENT_SLOTS` (ID,NAME) VALUES (82,'INV_OH5');
INSERT INTO `EQUIPEMENT_SLOTS` (ID,NAME) VALUES (83,'INV_MH1');
INSERT INTO `EQUIPEMENT_SLOTS` (ID,NAME) VALUES (84,'INV_MH2');
INSERT INTO `EQUIPEMENT_SLOTS` (ID,NAME) VALUES (85,'INV_MH3');
INSERT INTO `EQUIPEMENT_SLOTS` (ID,NAME) VALUES (86,'INV_MH4');
INSERT INTO `EQUIPEMENT_SLOTS` (ID,NAME) VALUES (87,'INV_MH5');
INSERT INTO `EQUIPEMENT_SLOTS` (ID,NAME) VALUES (88,'INV_ARMOR');
CREATE TABLE "CHARACTER_STATS" (
	`ID`	INTEGER NOT NULL PRIMARY KEY AUTOINCREMENT UNIQUE,
	`NAME`	TEXT NOT NULL,
	`LEVEL`	INTEGER NOT NULL,
	`STR`	INTEGER NOT NULL,
	`DEX`	INTEGER NOT NULL,
	`FOR`	INTEGER NOT NULL,
	`INT`	INTEGER NOT NULL,
	`WIS`	INTEGER NOT NULL,
	`CHA`	INTEGER NOT NULL,
	`HP`	INTEGER NOT NULL,
	`SPEED`	INTEGER NOT NULL,
	`AI`	NUMERIC,
	`EQUIPPED_WEAPON_SLOT`	INTEGER
);
INSERT INTO `CHARACTER_STATS` (ID,NAME,LEVEL,STR,DEX,FOR,INT,WIS,CHA,HP,SPEED,AI,EQUIPPED_WEAPON_SLOT) VALUES (1,'Goblin',1,9,14,10,8,10,6,9,4,1,83);
INSERT INTO `CHARACTER_STATS` (ID,NAME,LEVEL,STR,DEX,FOR,INT,WIS,CHA,HP,SPEED,AI,EQUIPPED_WEAPON_SLOT) VALUES (2,'Kurrdar the Mighty',1,16,10,25,12,10,8,22,4,0,83);
CREATE TABLE "CHARACTERS_ITEMS" (
	`ID`	INTEGER NOT NULL PRIMARY KEY AUTOINCREMENT UNIQUE,
	`CHARACTER_ID`	INTEGER NOT NULL,
	`FIELD_ID`	INTEGER NOT NULL,
	`ITEM_ID`	INTEGER NOT NULL,
	`ITEM_TYPE`	INTEGER NOT NULL,
	FOREIGN KEY(`CHARACTER_ID`) REFERENCES `CHARACTER_STATS`(`ID`),
	FOREIGN KEY(`ITEM_ID`) REFERENCES `EQUIPEMENT_SLOTS`(`ID`)
);
INSERT INTO `CHARACTERS_ITEMS` (ID,CHARACTER_ID,FIELD_ID,ITEM_ID,ITEM_TYPE) VALUES (1,2,83,1,1);
INSERT INTO `CHARACTERS_ITEMS` (ID,CHARACTER_ID,FIELD_ID,ITEM_ID,ITEM_TYPE) VALUES (2,2,88,1,2);
INSERT INTO `CHARACTERS_ITEMS` (ID,CHARACTER_ID,FIELD_ID,ITEM_ID,ITEM_TYPE) VALUES (3,2,84,2,1);
INSERT INTO `CHARACTERS_ITEMS` (ID,CHARACTER_ID,FIELD_ID,ITEM_ID,ITEM_TYPE) VALUES (4,1,83,1,1);
CREATE TABLE `ARMORS_EQUIPEMENT_SLOTS` (
	`ARMORS_ID`	INTEGER NOT NULL,
	`EQUIPEMENT_SLOTS`	INTEGER NOT NULL,
	FOREIGN KEY(`ARMORS_ID`) REFERENCES ARMORS(ID),
	FOREIGN KEY(`EQUIPEMENT_SLOTS`) REFERENCES EQUIPEMENT_SLOTS(ID)
);
INSERT INTO `ARMORS_EQUIPEMENT_SLOTS` (ARMORS_ID,EQUIPEMENT_SLOTS) VALUES (1,77);
CREATE TABLE "ARMORS" (
	`ID`	INTEGER NOT NULL PRIMARY KEY AUTOINCREMENT UNIQUE,
	`NAME`	TEXT NOT NULL,
	`AC`	INTEGER NOT NULL,
	`MAX_DEX`	INTEGER NOT NULL,
	`ICON_NAME`	TEXT NOT NULL
);
INSERT INTO `ARMORS` (ID,NAME,AC,MAX_DEX,ICON_NAME) VALUES (1,'Breastplate',16,0,'ArmorColor');
COMMIT;
